Portefeuille,Entropie
BTC_USDT_5_5,1.0001081917557735
Ethereum_10,0.9307934736997789
Bitcoin_10,0.9307934736997789
UNI_10,0.9307934736997789
BNB_10,0.9307934736997789
USDT_10,0.9307934736997789
Ref_60_40,0.6730116670092565
